INSERT INTO Cidade (idCidade, nome, uf) VALUES (1, 'Sao Paulo', 'SP');
INSERT INTO Cidade (idCidade, nome, uf) VALUES (2, 'Vitória', 'ES');
INSERT INTO Cidade (idCidade, nome, uf) VALUES (3, 'Vitória', 'ES');
INSERT INTO Cidade (idCidade, nome, uf) VALUES (4, 'Vitória', 'ES');
INSERT INTO Cidade (idCidade, nome, uf) VALUES (5, 'Rio de Janeiro', 'RJ');
INSERT INTO Endereco (idEndereco, idCidade, logradouro, bairro, numero, complemento) VALUES (1, 1, 'Rua xUUQonHo', 'Bairro snbOMf', '450', 'Apto 188');
INSERT INTO Endereco (idEndereco, idCidade, logradouro, bairro, numero, complemento) VALUES (2, 4, 'Rua brxAdpwM', 'Bairro xYPiKl', '347', 'Apto 132');
INSERT INTO Endereco (idEndereco, idCidade, logradouro, bairro, numero, complemento) VALUES (3, 3, 'Rua UINCYlDQ', 'Bairro QkYZGd', '759', '');
INSERT INTO Endereco (idEndereco, idCidade, logradouro, bairro, numero, complemento) VALUES (4, 3, 'Rua xSGpnJWG', 'Bairro tAjZZA', '125', 'Apto 197');
INSERT INTO Endereco (idEndereco, idCidade, logradouro, bairro, numero, complemento) VALUES (5, 5, 'Rua BRlLBpkh', 'Bairro HMBLah', '760', 'Apto 114');
INSERT INTO Endereco (idEndereco, idCidade, logradouro, bairro, numero, complemento) VALUES (6, 2, 'Rua nMubDaHN', 'Bairro voKUZT', '846', '');
INSERT INTO Endereco (idEndereco, idCidade, logradouro, bairro, numero, complemento) VALUES (7, 2, 'Rua cLdTRBUs', 'Bairro RhGrKz', '139', 'Apto 54');
INSERT INTO Endereco (idEndereco, idCidade, logradouro, bairro, numero, complemento) VALUES (8, 5, 'Rua TzyLFqmq', 'Bairro CWypIY', '669', 'Apto 24');
INSERT INTO Endereco (idEndereco, idCidade, logradouro, bairro, numero, complemento) VALUES (9, 2, 'Rua RCWOMjNC', 'Bairro zQzhde', '863', '');
INSERT INTO Endereco (idEndereco, idCidade, logradouro, bairro, numero, complemento) VALUES (10, 4, 'Rua HYbtAbQX', 'Bairro nNpjrV', '180', '');
INSERT INTO Endereco (idEndereco, idCidade, logradouro, bairro, numero, complemento) VALUES (11, 4, 'Rua PWVBYJRJ', 'Bairro iIXOHk', '841', '');
INSERT INTO Endereco (idEndereco, idCidade, logradouro, bairro, numero, complemento) VALUES (12, 2, 'Rua EkqzpMiX', 'Bairro xIbPKd', '443', 'Apto 55');
INSERT INTO Endereco (idEndereco, idCidade, logradouro, bairro, numero, complemento) VALUES (13, 1, 'Rua cAvkIFMg', 'Bairro tenrov', '268', '');
INSERT INTO Endereco (idEndereco, idCidade, logradouro, bairro, numero, complemento) VALUES (14, 1, 'Rua neJBLWmR', 'Bairro oqMhjD', '510', 'Apto 122');
INSERT INTO Endereco (idEndereco, idCidade, logradouro, bairro, numero, complemento) VALUES (15, 5, 'Rua tOrilvYI', 'Bairro TtPqAF', '245', 'Apto 7');
INSERT INTO Pessoa (idPessoa, idEndereco, nome, telefone, sexo, cpf) VALUES (1, 5, 'Pessoa YJHDlHz', '(96)91984-9599', 'F', '97754356560');
INSERT INTO Pessoa (idPessoa, idEndereco, nome, telefone, sexo, cpf) VALUES (2, 3, 'Pessoa swIleSx', '(61)96675-9864', 'M', '12074848362');
INSERT INTO Pessoa (idPessoa, idEndereco, nome, telefone, sexo, cpf) VALUES (3, 3, 'Pessoa cuejtqs', '(12)95423-7396', 'M', '25921853821');
INSERT INTO Pessoa (idPessoa, idEndereco, nome, telefone, sexo, cpf) VALUES (4, 9, 'Pessoa jZHEQNJ', '(50)97458-8340', 'M', '56042244317');
INSERT INTO Pessoa (idPessoa, idEndereco, nome, telefone, sexo, cpf) VALUES (5, 11, 'Pessoa vgacTXn', '(49)98678-2840', 'M', '34217860001');
INSERT INTO Pessoa (idPessoa, idEndereco, nome, telefone, sexo, cpf) VALUES (6, 4, 'Pessoa ysgHSgy', '(64)98441-6560', 'F', '58412643246');
INSERT INTO Pessoa (idPessoa, idEndereco, nome, telefone, sexo, cpf) VALUES (7, 5, 'Pessoa xTiZNWl', '(18)93999-5358', 'M', '02291065928');
INSERT INTO Pessoa (idPessoa, idEndereco, nome, telefone, sexo, cpf) VALUES (8, 4, 'Pessoa YdiQigB', '(94)94333-6101', 'M', '13653725122');
INSERT INTO Pessoa (idPessoa, idEndereco, nome, telefone, sexo, cpf) VALUES (9, 1, 'Pessoa fzTwsfs', '(70)94219-3705', 'M', '55755503874');
INSERT INTO Pessoa (idPessoa, idEndereco, nome, telefone, sexo, cpf) VALUES (10, 11, 'Pessoa uaGsszm', '(95)96060-9763', 'M', '46003262340');
INSERT INTO Pessoa (idPessoa, idEndereco, nome, telefone, sexo, cpf) VALUES (11, 10, 'Pessoa PBPeVkz', '(43)97128-1349', 'F', '22059851503');
INSERT INTO Pessoa (idPessoa, idEndereco, nome, telefone, sexo, cpf) VALUES (12, 13, 'Pessoa sTWpYly', '(35)97398-8674', 'F', '92518468449');
INSERT INTO Pessoa (idPessoa, idEndereco, nome, telefone, sexo, cpf) VALUES (13, 1, 'Pessoa PoJFiSl', '(70)96253-1287', 'M', '86421502820');
INSERT INTO Pessoa (idPessoa, idEndereco, nome, telefone, sexo, cpf) VALUES (14, 15, 'Pessoa eUpORbt', '(27)99622-4625', 'F', '95754780560');
INSERT INTO Pessoa (idPessoa, idEndereco, nome, telefone, sexo, cpf) VALUES (15, 7, 'Pessoa LTZxRZx', '(87)98422-3032', 'F', '51567496404');
INSERT INTO Pessoa (idPessoa, idEndereco, nome, telefone, sexo, cpf) VALUES (16, 12, 'Pessoa egorAKE', '(89)96073-4617', 'M', '30015163267');
INSERT INTO Pessoa (idPessoa, idEndereco, nome, telefone, sexo, cpf) VALUES (17, 7, 'Pessoa dSDjNFl', '(90)92655-2821', 'F', '93131461805');
INSERT INTO Pessoa (idPessoa, idEndereco, nome, telefone, sexo, cpf) VALUES (18, 12, 'Pessoa MkjcQNj', '(85)95796-9237', 'F', '47462719155');
INSERT INTO Pessoa (idPessoa, idEndereco, nome, telefone, sexo, cpf) VALUES (19, 12, 'Pessoa SEKBuDI', '(58)97062-1738', 'M', '96129885567');
INSERT INTO Pessoa (idPessoa, idEndereco, nome, telefone, sexo, cpf) VALUES (20, 7, 'Pessoa umgNTZs', '(90)99489-6282', 'F', '97256496984');
INSERT INTO Patrocinador (idPatrocinador, idEndereco, nome, tipo, telefone, cnpj) VALUES (1, 3, 'Patrocinador tZsPjuMq', 'Empresa', '(60)6075-2452', '81803865061400');
INSERT INTO Patrocinador (idPatrocinador, idEndereco, nome, tipo, telefone, cnpj) VALUES (2, 6, 'Patrocinador dcTsuybf', 'Empresa', '(63)9646-3741', '24665941678359');
INSERT INTO Patrocinador (idPatrocinador, idEndereco, nome, tipo, telefone, cnpj) VALUES (3, 11, 'Patrocinador rxHDFKDF', 'Empresa', '(32)2149-7972', '60012418309888');
INSERT INTO Patrocinador (idPatrocinador, idEndereco, nome, tipo, telefone, cnpj) VALUES (4, 2, 'Patrocinador zMjuOPWI', 'Empresa', '(18)7184-7528', '68901413196838');
INSERT INTO Patrocinador (idPatrocinador, idEndereco, nome, tipo, telefone, cnpj) VALUES (5, 7, 'Patrocinador iSHaAxaj', 'Individual', '(54)6045-6264', '77769384400373');
INSERT INTO Veterinario (idVeterinario, idPessoa, CRMV) VALUES (1, 1, 'CRMV/ES1369');
INSERT INTO Veterinario (idVeterinario, idPessoa, CRMV) VALUES (2, 7, 'CRMV/ES5306');
INSERT INTO Veterinario (idVeterinario, idPessoa, CRMV) VALUES (3, 15, 'CRMV/RJ9181');
INSERT INTO Castracao (idCastracao, datah, idVeterinario) VALUES (1, '2023-09-28', 3);
INSERT INTO Castracao (idCastracao, datah, idVeterinario) VALUES (2, '2023-04-06', 2);
INSERT INTO Castracao (idCastracao, datah, idVeterinario) VALUES (3, '2023-05-29', 2);
INSERT INTO Castracao (idCastracao, datah, idVeterinario) VALUES (4, '2024-10-20', 2);
INSERT INTO Castracao (idCastracao, datah, idVeterinario) VALUES (5, '2024-10-09', 3);
INSERT INTO Castracao (idCastracao, datah, idVeterinario) VALUES (6, '2024-12-16', 3);
INSERT INTO Castracao (idCastracao, datah, idVeterinario) VALUES (7, '2024-03-21', 3);
INSERT INTO Castracao (idCastracao, datah, idVeterinario) VALUES (8, '2024-05-09', 1);
INSERT INTO Castracao (idCastracao, datah, idVeterinario) VALUES (9, '2024-05-23', 2);
INSERT INTO Castracao (idCastracao, datah, idVeterinario) VALUES (10, '2023-06-03', 3);
INSERT INTO Animal (idAnimal, idCastracao, nome, tipo, sexo, porte, statusSaude, necessidadesEspeciais, raca) VALUES (1, 2, 'Animal MuUkQ', 'Cachorro', 'M', 'Médio', 'Em Tratamento', 'Nenhuma', 'Raça wXFae');
INSERT INTO Animal (idAnimal, idCastracao, nome, tipo, sexo, porte, statusSaude, necessidadesEspeciais, raca) VALUES (2, 8, 'Animal lfgaD', 'Gato', 'M', 'Pequeno', 'Saudável', 'Nenhuma', 'Raça fYfFB');
INSERT INTO Animal (idAnimal, idCastracao, nome, tipo, sexo, porte, statusSaude, necessidadesEspeciais, raca) VALUES (3, 7, 'Animal ywxbd', 'Cachorro', 'M', 'Pequeno', 'Em Tratamento', 'Nenhuma', 'Raça sLrrR');
INSERT INTO Animal (idAnimal, idCastracao, nome, tipo, sexo, porte, statusSaude, necessidadesEspeciais, raca) VALUES (4, NULL, 'Animal JzLnP', 'Cachorro', 'F', 'Pequeno', 'Em Tratamento', 'Nenhuma', 'Raça udioA');
INSERT INTO Animal (idAnimal, idCastracao, nome, tipo, sexo, porte, statusSaude, necessidadesEspeciais, raca) VALUES (5, NULL, 'Animal eLzOQ', 'Gato', 'M', 'Grande', 'Saudável', 'Nenhuma', 'Raça DvvEv');
INSERT INTO Animal (idAnimal, idCastracao, nome, tipo, sexo, porte, statusSaude, necessidadesEspeciais, raca) VALUES (6, 8, 'Animal KAGII', 'Coelho', 'F', 'Médio', 'Recuperado', 'Deficiência Motora', 'Raça wMjOO');
INSERT INTO Animal (idAnimal, idCastracao, nome, tipo, sexo, porte, statusSaude, necessidadesEspeciais, raca) VALUES (7, NULL, 'Animal PHMNt', 'Cachorro', 'M', 'Pequeno', 'Recuperado', 'Cegueira', 'Raça gZADn');
INSERT INTO Animal (idAnimal, idCastracao, nome, tipo, sexo, porte, statusSaude, necessidadesEspeciais, raca) VALUES (8, NULL, 'Animal DJgfu', 'Gato', 'M', 'Grande', 'Saudável', 'Deficiência Motora', 'Raça dveeT');
INSERT INTO Animal (idAnimal, idCastracao, nome, tipo, sexo, porte, statusSaude, necessidadesEspeciais, raca) VALUES (9, 3, 'Animal WBhKw', 'Cachorro', 'F', 'Médio', 'Recuperado', 'Nenhuma', 'Raça vWhFj');
INSERT INTO Animal (idAnimal, idCastracao, nome, tipo, sexo, porte, statusSaude, necessidadesEspeciais, raca) VALUES (10, NULL, 'Animal oGhUe', 'Cachorro', 'M', 'Médio', 'Recuperado', 'Nenhuma', 'Raça nSYjJ');
INSERT INTO Animal (idAnimal, idCastracao, nome, tipo, sexo, porte, statusSaude, necessidadesEspeciais, raca) VALUES (11, 4, 'Animal FaUsT', 'Cachorro', 'M', 'Grande', 'Em Tratamento', 'Nenhuma', 'Raça tWhEl');
INSERT INTO Animal (idAnimal, idCastracao, nome, tipo, sexo, porte, statusSaude, necessidadesEspeciais, raca) VALUES (12, 7, 'Animal TtoHz', 'Gato', 'M', 'Médio', 'Em Tratamento', 'Deficiência Motora', 'Raça xIGNi');
INSERT INTO Animal (idAnimal, idCastracao, nome, tipo, sexo, porte, statusSaude, necessidadesEspeciais, raca) VALUES (13, 7, 'Animal ssqzB', 'Coelho', 'F', 'Médio', 'Saudável', 'Nenhuma', 'Raça rANGP');
INSERT INTO Animal (idAnimal, idCastracao, nome, tipo, sexo, porte, statusSaude, necessidadesEspeciais, raca) VALUES (14, 1, 'Animal kfeqm', 'Gato', 'F', 'Pequeno', 'Recuperado', 'Nenhuma', 'Raça yFlFw');
INSERT INTO Animal (idAnimal, idCastracao, nome, tipo, sexo, porte, statusSaude, necessidadesEspeciais, raca) VALUES (15, NULL, 'Animal GVgsm', 'Coelho', 'M', 'Médio', 'Saudável', 'Nenhuma', 'Raça YNXMN');
INSERT INTO Animal (idAnimal, idCastracao, nome, tipo, sexo, porte, statusSaude, necessidadesEspeciais, raca) VALUES (16, 2, 'Animal zioYE', 'Coelho', 'F', 'Grande', 'Em Tratamento', 'Nenhuma', 'Raça APYgO');
INSERT INTO Animal (idAnimal, idCastracao, nome, tipo, sexo, porte, statusSaude, necessidadesEspeciais, raca) VALUES (17, 6, 'Animal EjRPu', 'Coelho', 'F', 'Médio', 'Saudável', 'Cegueira', 'Raça luRaw');
INSERT INTO Animal (idAnimal, idCastracao, nome, tipo, sexo, porte, statusSaude, necessidadesEspeciais, raca) VALUES (18, 8, 'Animal pALEz', 'Cachorro', 'M', 'Médio', 'Saudável', 'Nenhuma', 'Raça vvSIy');
INSERT INTO Animal (idAnimal, idCastracao, nome, tipo, sexo, porte, statusSaude, necessidadesEspeciais, raca) VALUES (19, 3, 'Animal hgcSu', 'Cachorro', 'M', 'Médio', 'Recuperado', 'Nenhuma', 'Raça RKvfx');
INSERT INTO Animal (idAnimal, idCastracao, nome, tipo, sexo, porte, statusSaude, necessidadesEspeciais, raca) VALUES (20, 6, 'Animal nQUnZ', 'Cachorro', 'M', 'Grande', 'Recuperado', 'Nenhuma', 'Raça xehxm');
INSERT INTO Adotante (idAdotante, idPessoa, rendaMensal, tipoMoradia, possuiAnimais, experienciaAnterior) VALUES (1, 18, 6674.51, 'Casa', 0, 1);
INSERT INTO Adotante (idAdotante, idPessoa, rendaMensal, tipoMoradia, possuiAnimais, experienciaAnterior) VALUES (2, 2, 3650.73, 'Casa', 0, 0);
INSERT INTO Adotante (idAdotante, idPessoa, rendaMensal, tipoMoradia, possuiAnimais, experienciaAnterior) VALUES (3, 14, 7381.3, 'Apartamento', 1, 0);
INSERT INTO Adotante (idAdotante, idPessoa, rendaMensal, tipoMoradia, possuiAnimais, experienciaAnterior) VALUES (4, 4, 2179.93, 'Apartamento', 1, 1);
INSERT INTO Adotante (idAdotante, idPessoa, rendaMensal, tipoMoradia, possuiAnimais, experienciaAnterior) VALUES (5, 13, 5628.27, 'Apartamento', 0, 0);
INSERT INTO Adotante (idAdotante, idPessoa, rendaMensal, tipoMoradia, possuiAnimais, experienciaAnterior) VALUES (6, 18, 2634.53, 'Apartamento', 0, 1);
INSERT INTO Adotante (idAdotante, idPessoa, rendaMensal, tipoMoradia, possuiAnimais, experienciaAnterior) VALUES (7, 9, 6958.94, 'Apartamento', 0, 0);
INSERT INTO Adotante (idAdotante, idPessoa, rendaMensal, tipoMoradia, possuiAnimais, experienciaAnterior) VALUES (8, 19, 1551.94, 'Casa', 0, 1);
INSERT INTO Adotante (idAdotante, idPessoa, rendaMensal, tipoMoradia, possuiAnimais, experienciaAnterior) VALUES (9, 9, 4928.9, 'Casa', 1, 0);
INSERT INTO Adotante (idAdotante, idPessoa, rendaMensal, tipoMoradia, possuiAnimais, experienciaAnterior) VALUES (10, 9, 4268.39, 'Apartamento', 0, 0);
INSERT INTO DoacaoCNPJ (idDoacao, idPatrocinador, valor, dataDoacao, tipo, formaPagamento) VALUES (1, 5, 1891.44, '2023-03-24', 'Medicamento', 'Pix');
INSERT INTO DoacaoCNPJ (idDoacao, idPatrocinador, valor, dataDoacao, tipo, formaPagamento) VALUES (2, 1, 4265.06, '2024-07-26', 'Medicamento', 'Cartão');
INSERT INTO DoacaoCNPJ (idDoacao, idPatrocinador, valor, dataDoacao, tipo, formaPagamento) VALUES (3, 5, 3812.34, '2023-05-23', 'Ração', 'Cartão');
INSERT INTO DoacaoCNPJ (idDoacao, idPatrocinador, valor, dataDoacao, tipo, formaPagamento) VALUES (4, 2, 4667.38, '2024-02-21', 'Dinheiro', 'Pix');
INSERT INTO DoacaoCNPJ (idDoacao, idPatrocinador, valor, dataDoacao, tipo, formaPagamento) VALUES (5, 1, 1513.77, '2024-03-16', 'Ração', 'Cartão');
INSERT INTO DoacaoCNPJ (idDoacao, idPatrocinador, valor, dataDoacao, tipo, formaPagamento) VALUES (6, 2, 508.22, '2023-11-16', 'Ração', 'Boleto');
INSERT INTO DoacaoCNPJ (idDoacao, idPatrocinador, valor, dataDoacao, tipo, formaPagamento) VALUES (7, 5, 140.27, '2023-08-08', 'Dinheiro', 'Boleto');
INSERT INTO DoacaoCNPJ (idDoacao, idPatrocinador, valor, dataDoacao, tipo, formaPagamento) VALUES (8, 1, 3340.02, '2024-07-30', 'Medicamento', 'Pix');
INSERT INTO DoacaoCNPJ (idDoacao, idPatrocinador, valor, dataDoacao, tipo, formaPagamento) VALUES (9, 2, 4714.4, '2023-07-26', 'Medicamento', 'Pix');
INSERT INTO DoacaoCNPJ (idDoacao, idPatrocinador, valor, dataDoacao, tipo, formaPagamento) VALUES (10, 2, 1444.74, '2024-01-18', 'Dinheiro', 'Pix');
INSERT INTO DoacaoCPF (idDoacao, idPessoa, valor, dataDoacao, tipo, formaPagamento) VALUES (1, 14, 773.35, '2023-12-15', 'Ração', 'Cartão');
INSERT INTO DoacaoCPF (idDoacao, idPessoa, valor, dataDoacao, tipo, formaPagamento) VALUES (2, 20, 39.48, '2023-05-25', 'Ração', 'Boleto');
INSERT INTO DoacaoCPF (idDoacao, idPessoa, valor, dataDoacao, tipo, formaPagamento) VALUES (3, 18, 836.86, '2024-09-11', 'Ração', 'Cartão');
INSERT INTO DoacaoCPF (idDoacao, idPessoa, valor, dataDoacao, tipo, formaPagamento) VALUES (4, 18, 439.27, '2023-06-17', 'Ração', 'Cartão');
INSERT INTO DoacaoCPF (idDoacao, idPessoa, valor, dataDoacao, tipo, formaPagamento) VALUES (5, 5, 268.06, '2024-12-21', 'Medicamento', 'Pix');
INSERT INTO DoacaoCPF (idDoacao, idPessoa, valor, dataDoacao, tipo, formaPagamento) VALUES (6, 14, 933.64, '2024-12-11', 'Medicamento', 'Boleto');
INSERT INTO DoacaoCPF (idDoacao, idPessoa, valor, dataDoacao, tipo, formaPagamento) VALUES (7, 9, 548.64, '2024-03-17', 'Ração', 'Cartão');
INSERT INTO DoacaoCPF (idDoacao, idPessoa, valor, dataDoacao, tipo, formaPagamento) VALUES (8, 20, 128.29, '2023-04-23', 'Ração', 'Cartão');
INSERT INTO DoacaoCPF (idDoacao, idPessoa, valor, dataDoacao, tipo, formaPagamento) VALUES (9, 9, 286.24, '2023-06-06', 'Medicamento', 'Cartão');
INSERT INTO DoacaoCPF (idDoacao, idPessoa, valor, dataDoacao, tipo, formaPagamento) VALUES (10, 4, 459.5, '2023-02-16', 'Dinheiro', 'Pix');
INSERT INTO DoacaoCPF (idDoacao, idPessoa, valor, dataDoacao, tipo, formaPagamento) VALUES (11, 17, 134.21, '2023-11-16', 'Medicamento', 'Pix');
INSERT INTO DoacaoCPF (idDoacao, idPessoa, valor, dataDoacao, tipo, formaPagamento) VALUES (12, 4, 33.34, '2024-11-20', 'Ração', 'Cartão');
INSERT INTO DoacaoCPF (idDoacao, idPessoa, valor, dataDoacao, tipo, formaPagamento) VALUES (13, 16, 738.39, '2024-02-05', 'Ração', 'Pix');
INSERT INTO DoacaoCPF (idDoacao, idPessoa, valor, dataDoacao, tipo, formaPagamento) VALUES (14, 20, 409.29, '2023-04-17', 'Medicamento', 'Pix');
INSERT INTO DoacaoCPF (idDoacao, idPessoa, valor, dataDoacao, tipo, formaPagamento) VALUES (15, 20, 918.02, '2023-11-07', 'Dinheiro', 'Boleto');
INSERT INTO Apadrinhamento (idApadrinhamento, idPessoa, idAnimal, dataInicio, valorMensal, tipo, dataFim) VALUES (1, 14, 7, '2023-12-31', 49.28, 'Mensal', '2025-08-09');
INSERT INTO Apadrinhamento (idApadrinhamento, idPessoa, idAnimal, dataInicio, valorMensal, tipo, dataFim) VALUES (2, 8, 3, '2024-12-22', 119.71, 'Trimestral', '2025-05-21');
INSERT INTO Apadrinhamento (idApadrinhamento, idPessoa, idAnimal, dataInicio, valorMensal, tipo, dataFim) VALUES (3, 17, 11, '2023-03-30', 32.24, 'Trimestral', NULL);
INSERT INTO Apadrinhamento (idApadrinhamento, idPessoa, idAnimal, dataInicio, valorMensal, tipo, dataFim) VALUES (4, 6, 12, '2024-08-22', 167.55, 'Trimestral', NULL);
INSERT INTO Apadrinhamento (idApadrinhamento, idPessoa, idAnimal, dataInicio, valorMensal, tipo, dataFim) VALUES (5, 3, 18, '2023-05-16', 62.23, 'Trimestral', '2026-05-31');
INSERT INTO Apadrinhamento (idApadrinhamento, idPessoa, idAnimal, dataInicio, valorMensal, tipo, dataFim) VALUES (6, 10, 9, '2023-01-27', 95.84, 'Mensal', NULL);
INSERT INTO Apadrinhamento (idApadrinhamento, idPessoa, idAnimal, dataInicio, valorMensal, tipo, dataFim) VALUES (7, 9, 12, '2023-08-25', 143.32, 'Trimestral', '2026-08-30');
INSERT INTO Apadrinhamento (idApadrinhamento, idPessoa, idAnimal, dataInicio, valorMensal, tipo, dataFim) VALUES (8, 6, 9, '2024-12-02', 92.73, 'Trimestral', '2026-06-24');
INSERT INTO Apadrinhamento (idApadrinhamento, idPessoa, idAnimal, dataInicio, valorMensal, tipo, dataFim) VALUES (9, 19, 19, '2023-06-08', 113.42, 'Trimestral', NULL);
INSERT INTO Apadrinhamento (idApadrinhamento, idPessoa, idAnimal, dataInicio, valorMensal, tipo, dataFim) VALUES (10, 14, 14, '2024-04-06', 41.02, 'Trimestral', '2026-05-04');
INSERT INTO Apadrinhamento (idApadrinhamento, idPessoa, idAnimal, dataInicio, valorMensal, tipo, dataFim) VALUES (11, 12, 16, '2024-07-01', 32.53, 'Trimestral', NULL);
INSERT INTO Apadrinhamento (idApadrinhamento, idPessoa, idAnimal, dataInicio, valorMensal, tipo, dataFim) VALUES (12, 10, 15, '2023-03-21', 44.22, 'Trimestral', '2026-02-18');
INSERT INTO Apadrinhamento (idApadrinhamento, idPessoa, idAnimal, dataInicio, valorMensal, tipo, dataFim) VALUES (13, 10, 8, '2023-03-24', 155.79, 'Trimestral', NULL);
INSERT INTO Apadrinhamento (idApadrinhamento, idPessoa, idAnimal, dataInicio, valorMensal, tipo, dataFim) VALUES (14, 18, 19, '2024-11-10', 124.05, 'Mensal', '2025-05-22');
INSERT INTO Apadrinhamento (idApadrinhamento, idPessoa, idAnimal, dataInicio, valorMensal, tipo, dataFim) VALUES (15, 17, 16, '2023-11-12', 169.37, 'Trimestral', NULL);
INSERT INTO Resgate (idResgate, idEndereco, idAnimal, idPessoa, dataResgate, descricao) VALUES (1, 12, 4, 4, '2024-07-10', 'Resgate de cão em situação de rua');
INSERT INTO Resgate (idResgate, idEndereco, idAnimal, idPessoa, dataResgate, descricao) VALUES (2, 15, 15, 6, '2023-03-02', 'Resgate de gato em abandono');
INSERT INTO Resgate (idResgate, idEndereco, idAnimal, idPessoa, dataResgate, descricao) VALUES (3, 6, 6, 10, '2023-01-22', 'Resgate de gato em situação de rua');
INSERT INTO Resgate (idResgate, idEndereco, idAnimal, idPessoa, dataResgate, descricao) VALUES (4, 10, 18, 1, '2024-04-08', 'Resgate de cão em situação de rua');
INSERT INTO Resgate (idResgate, idEndereco, idAnimal, idPessoa, dataResgate, descricao) VALUES (5, 11, 18, 16, '2024-11-27', 'Resgate de cão em abandono');
INSERT INTO Resgate (idResgate, idEndereco, idAnimal, idPessoa, dataResgate, descricao) VALUES (6, 4, 10, 16, '2024-09-03', 'Resgate de gato em situação de rua');
INSERT INTO Resgate (idResgate, idEndereco, idAnimal, idPessoa, dataResgate, descricao) VALUES (7, 1, 10, 19, '2023-03-11', 'Resgate de gato em situação de rua');
INSERT INTO Resgate (idResgate, idEndereco, idAnimal, idPessoa, dataResgate, descricao) VALUES (8, 14, 16, 19, '2023-03-18', 'Resgate de gato em abandono');
INSERT INTO Resgate (idResgate, idEndereco, idAnimal, idPessoa, dataResgate, descricao) VALUES (9, 12, 12, 18, '2024-01-12', 'Resgate de gato em situação de rua');
INSERT INTO Resgate (idResgate, idEndereco, idAnimal, idPessoa, dataResgate, descricao) VALUES (10, 1, 20, 7, '2023-08-08', 'Resgate de gato em abandono');
INSERT INTO Adocao (idAdocao, idAdotante, idAnimal, datah, statusAdocao) VALUES (1, 10, 7, '2024-10-20', 'Pendente');
INSERT INTO Adocao (idAdocao, idAdotante, idAnimal, datah, statusAdocao) VALUES (2, 9, 14, '2025-12-17', 'Rejeitada');
INSERT INTO Adocao (idAdocao, idAdotante, idAnimal, datah, statusAdocao) VALUES (3, 1, 11, '2025-10-30', 'Pendente');
INSERT INTO Adocao (idAdocao, idAdotante, idAnimal, datah, statusAdocao) VALUES (4, 2, 14, '2025-11-03', 'Pendente');
INSERT INTO Adocao (idAdocao, idAdotante, idAnimal, datah, statusAdocao) VALUES (5, 6, 4, '2025-12-02', 'Aprovada');
INSERT INTO Adocao (idAdocao, idAdotante, idAnimal, datah, statusAdocao) VALUES (6, 10, 20, '2025-07-05', 'Pendente');
INSERT INTO Adocao (idAdocao, idAdotante, idAnimal, datah, statusAdocao) VALUES (7, 9, 5, '2024-03-16', 'Aprovada');
INSERT INTO Adocao (idAdocao, idAdotante, idAnimal, datah, statusAdocao) VALUES (8, 4, 6, '2025-10-12', 'Rejeitada');
INSERT INTO Adocao (idAdocao, idAdotante, idAnimal, datah, statusAdocao) VALUES (9, 6, 4, '2024-08-15', 'Pendente');
INSERT INTO Adocao (idAdocao, idAdotante, idAnimal, datah, statusAdocao) VALUES (10, 2, 18, '2024-07-17', 'Rejeitada');
INSERT INTO Tratamento (idTratamento, idAnimal, idVeterinario, tipo, dataInicio, dataFim, descricao, custo) VALUES (1, 19, 1, 'Fisioterapia', '2023-11-07', '2025-02-23', 'Tratamento de fisioterapia para fratura', 318.76);
INSERT INTO Tratamento (idTratamento, idAnimal, idVeterinario, tipo, dataInicio, dataFim, descricao, custo) VALUES (2, 11, 3, 'Vacinação', '2023-09-19', NULL, 'Tratamento de vacinação para fratura', 248.07);
INSERT INTO Tratamento (idTratamento, idAnimal, idVeterinario, tipo, dataInicio, dataFim, descricao, custo) VALUES (3, 9, 1, 'Vacinação', '2023-07-09', '2024-07-05', 'Tratamento de vacinação para fratura', 637.29);
INSERT INTO Tratamento (idTratamento, idAnimal, idVeterinario, tipo, dataInicio, dataFim, descricao, custo) VALUES (4, 6, 2, 'Fisioterapia', '2023-03-12', NULL, 'Tratamento de fisioterapia para fratura', 849.37);
INSERT INTO Tratamento (idTratamento, idAnimal, idVeterinario, tipo, dataInicio, dataFim, descricao, custo) VALUES (5, 7, 3, 'Medicação', '2023-05-27', '2024-12-25', 'Tratamento de medicação para recuperação', 867.71);
INSERT INTO Tratamento (idTratamento, idAnimal, idVeterinario, tipo, dataInicio, dataFim, descricao, custo) VALUES (6, 8, 2, 'Fisioterapia', '2023-05-07', '2025-09-18', 'Tratamento de fisioterapia para infecção', 702.93);
INSERT INTO Tratamento (idTratamento, idAnimal, idVeterinario, tipo, dataInicio, dataFim, descricao, custo) VALUES (7, 5, 3, 'Medicação', '2023-02-06', '2024-09-05', 'Tratamento de medicação para recuperação', 634.32);
INSERT INTO Tratamento (idTratamento, idAnimal, idVeterinario, tipo, dataInicio, dataFim, descricao, custo) VALUES (8, 20, 1, 'Vacinação', '2023-02-18', '2025-09-09', 'Tratamento de vacinação para infecção', 616.52);
INSERT INTO Tratamento (idTratamento, idAnimal, idVeterinario, tipo, dataInicio, dataFim, descricao, custo) VALUES (9, 2, 3, 'Medicação', '2024-05-18', '2025-08-27', 'Tratamento de medicação para infecção', 907.81);
INSERT INTO Tratamento (idTratamento, idAnimal, idVeterinario, tipo, dataInicio, dataFim, descricao, custo) VALUES (10, 18, 1, 'Medicação', '2023-08-23', '2024-10-28', 'Tratamento de medicação para recuperação', 537.97);
INSERT INTO Tratamento (idTratamento, idAnimal, idVeterinario, tipo, dataInicio, dataFim, descricao, custo) VALUES (11, 15, 3, 'Cirurgia', '2023-04-17', NULL, 'Tratamento de cirurgia para recuperação', 698.52);
INSERT INTO Tratamento (idTratamento, idAnimal, idVeterinario, tipo, dataInicio, dataFim, descricao, custo) VALUES (12, 1, 3, 'Cirurgia', '2023-06-23', '2025-12-03', 'Tratamento de cirurgia para fratura', 942.16);
INSERT INTO Tratamento (idTratamento, idAnimal, idVeterinario, tipo, dataInicio, dataFim, descricao, custo) VALUES (13, 16, 3, 'Medicação', '2024-04-10', '2025-08-14', 'Tratamento de medicação para recuperação', 877.78);
INSERT INTO Tratamento (idTratamento, idAnimal, idVeterinario, tipo, dataInicio, dataFim, descricao, custo) VALUES (14, 11, 1, 'Cirurgia', '2024-03-01', NULL, 'Tratamento de cirurgia para fratura', 614.35);
INSERT INTO Tratamento (idTratamento, idAnimal, idVeterinario, tipo, dataInicio, dataFim, descricao, custo) VALUES (15, 16, 1, 'Vacinação', '2023-12-09', '2025-09-20', 'Tratamento de vacinação para infecção', 603.73);
INSERT INTO Usuario (idUsuario, idPessoa, nomeUsuario, senha, administrador) VALUES (1, 16, 'user_stuKO', 'pass_wzRSB', 0);
INSERT INTO Usuario (idUsuario, idPessoa, nomeUsuario, senha, administrador) VALUES (2, 18, 'user_EVUXt', 'pass_ocWxt', 0);
INSERT INTO Usuario (idUsuario, idPessoa, nomeUsuario, senha, administrador) VALUES (3, 15, 'user_whptx', 'pass_gNjzv', 0);
INSERT INTO Usuario (idUsuario, idPessoa, nomeUsuario, senha, administrador) VALUES (4, 1, 'user_RSnez', 'pass_sgnHA', 0);
INSERT INTO Usuario (idUsuario, idPessoa, nomeUsuario, senha, administrador) VALUES (5, 7, 'user_HFkUH', 'pass_iqFya', 0);
INSERT INTO Usuario (idUsuario, idPessoa, nomeUsuario, senha, administrador) VALUES (6, 3, 'user_EOikq', 'pass_qduoV', 0);
INSERT INTO Usuario (idUsuario, idPessoa, nomeUsuario, senha, administrador) VALUES (7, 9, 'user_hMsOp', 'pass_NMkWy', 0);
INSERT INTO Usuario (idUsuario, idPessoa, nomeUsuario, senha, administrador) VALUES (8, 3, 'user_kSFFM', 'pass_KeRuk', 1);
INSERT INTO Usuario (idUsuario, idPessoa, nomeUsuario, senha, administrador) VALUES (9, 2, 'user_KkxaT', 'pass_EgfeK', 1);
INSERT INTO Usuario (idUsuario, idPessoa, nomeUsuario, senha, administrador) VALUES (10, 4, 'user_WsRsU', 'pass_DwKWN', 1);